ID,Location,Country,Sp,Source,Lat,Lon,input,filtered,nonchim,filter.loss
EA_CY_Le_01,Cyrene,Singapore,Enhalus acoroides,Leaf,1.258905,103.754918,21032,19121,19052,0.0908615443
EA_CY_Le_02,Cyrene,Singapore,Enhalus acoroides,Leaf,1.258905,103.754918,14537,12675,12622,0.1280869505
EA_CY_Le_03,Cyrene,Singapore,Enhalus acoroides,Leaf,1.258905,103.754918,35670,32007,31902,0.1026913373
EA_CY_Le_04,Cyrene,Singapore,Enhalus acoroides,Leaf,1.258905,103.754918,24752,22519,22519,0.0902149321
EA_CY_Le_05,Cyrene,Singapore,Enhalus acoroides,Leaf,1.258905,103.754918,20353,18419,18401,0.0950228468
EA_CY_Le_06,Cyrene,Singapore,Enhalus acoroides,Leaf,1.258905,103.754918,27313,22761,21006,0.1666605646
EA_CY_Le_07,Cyrene,Singapore,Enhalus acoroides,Leaf,1.258905,103.754918,25975,22533,22302,0.1325120308
EA_CY_Le_08,Cyrene,Singapore,Enhalus acoroides,Leaf,1.258905,103.754918,7365,6464,6464,0.12233537
EA_CY_Le_09,Cyrene,Singapore,Enhalus acoroides,Leaf,1.258905,103.754918,31558,28041,27984,0.1114455922
EA_CY_Le_10,Cyrene,Singapore,Enhalus acoroides,Leaf,1.258905,103.754918,28011,25056,25056,0.1054942701
EA_CY_Rh_01,Cyrene,Singapore,Enhalus acoroides,Rhizome,1.258905,103.754918,2482,2342,2342,0.0564061241
EA_CY_Rh_02,Cyrene,Singapore,Enhalus acoroides,Rhizome,1.258905,103.754918,31861,28385,28366,0.1090988983
EA_CY_Rh_03,Cyrene,Singapore,Enhalus acoroides,Rhizome,1.258905,103.754918,21598,18710,18625,0.1337160848
EA_CY_Rh_04,Cyrene,Singapore,Enhalus acoroides,Rhizome,1.258905,103.754918,40111,34395,34034,0.1425045499
EA_CY_Rh_05,Cyrene,Singapore,Enhalus acoroides,Rhizome,1.258905,103.754918,42336,37308,36794,0.1187641723
EA_CY_Rh_06,Cyrene,Singapore,Enhalus acoroides,Rhizome,1.258905,103.754918,7116,6023,6023,0.1535975267
EA_CY_Rh_07,Cyrene,Singapore,Enhalus acoroides,Rhizome,1.258905,103.754918,36982,32474,32250,0.1218971391
EA_CY_Rh_08,Cyrene,Singapore,Enhalus acoroides,Rhizome,1.258905,103.754918,28204,24547,24279,0.1296624592
EA_CY_Rh_09,Cyrene,Singapore,Enhalus acoroides,Rhizome,1.258905,103.754918,42249,34982,34341,0.1720040711
EA_CY_Rh_10,Cyrene,Singapore,Enhalus acoroides,Rhizome,1.258905,103.754918,83788,75793,75016,0.0954193918
EA_CY_Ro_01,Cyrene,Singapore,Enhalus acoroides,Root,1.258905,103.754918,26558,24078,23912,0.0933805256
EA_CY_Ro_02,Cyrene,Singapore,Enhalus acoroides,Root,1.258905,103.754918,67695,60267,59560,0.109727454
EA_CY_Ro_03,Cyrene,Singapore,Enhalus acoroides,Root,1.258905,103.754918,37633,33620,33369,0.1066351341
EA_CY_Ro_04,Cyrene,Singapore,Enhalus acoroides,Root,1.258905,103.754918,19612,17954,17930,0.0845400775
EA_CY_Ro_05,Cyrene,Singapore,Enhalus acoroides,Root,1.258905,103.754918,54608,49811,49776,0.0878442719
EA_CY_Ro_06,Cyrene,Singapore,Enhalus acoroides,Root,1.258905,103.754918,48382,44436,44351,0.0815592576
EA_CY_Ro_07,Cyrene,Singapore,Enhalus acoroides,Root,1.258905,103.754918,49675,44949,44949,0.0951383996
EA_CY_Ro_08,Cyrene,Singapore,Enhalus acoroides,Root,1.258905,103.754918,50588,45644,45390,0.0977306871
EA_CY_Ro_09,Cyrene,Singapore,Enhalus acoroides,Root,1.258905,103.754918,59398,52833,52691,0.1105256069
EA_CY_Ro_10,Cyrene,Singapore,Enhalus acoroides,Root,1.258905,103.754918,63367,58491,58050,0.0769485694
EA_CY_Soil_01,Cyrene,Singapore,Enhalus acoroides,Soil,1.258905,103.754918,31555,27089,27089,0.1415306608
EA_CY_Soil_02,Cyrene,Singapore,Enhalus acoroides,Soil,1.258905,103.754918,55963,48772,48772,0.1284956132
EA_CY_Soil_03,Cyrene,Singapore,Enhalus acoroides,Soil,1.258905,103.754918,72831,62609,62609,0.1403523225
EA_CY_Soil_04,Cyrene,Singapore,Enhalus acoroides,Soil,1.258905,103.754918,69791,60151,59828,0.1381266926
EA_CY_Soil_05,Cyrene,Singapore,Enhalus acoroides,Soil,1.258905,103.754918,49856,43378,43378,0.1299342105
EA_CY_Soil_06,Cyrene,Singapore,Enhalus acoroides,Soil,1.258905,103.754918,31246,26799,26799,0.1423222172
EA_CY_Soil_07,Cyrene,Singapore,Enhalus acoroides,Soil,1.258905,103.754918,30142,25900,25900,0.1407338597
EA_CY_Soil_08,Cyrene,Singapore,Enhalus acoroides,Soil,1.258905,103.754918,49475,42456,42456,0.1418696311
EA_CY_Soil_09,Cyrene,Singapore,Enhalus acoroides,Soil,1.258905,103.754918,44726,38395,38395,0.1415507758
EA_CY_Soil_10,Cyrene,Singapore,Enhalus acoroides,Soil,1.258905,103.754918,63784,55019,55019,0.1374169071
EA_Sent_Le_01,Sentosa,Singapore,Enhalus acoroides,Leaf,1.258297,103.807229,12327,10454,10454,0.1519428896
EA_Sent_Le_02,Sentosa,Singapore,Enhalus acoroides,Leaf,1.258297,103.807229,20811,18430,18430,0.1144106482
EA_Sent_Le_03,Sentosa,Singapore,Enhalus acoroides,Leaf,1.258297,103.807229,47580,40098,40098,0.1572509458
EA_Sent_Le_04,Sentosa,Singapore,Enhalus acoroides,Leaf,1.258297,103.807229,8377,7248,7248,0.1347737854
EA_Sent_Le_05,Sentosa,Singapore,Enhalus acoroides,Leaf,1.258297,103.807229,19561,16226,16226,0.1704923061
EA_Sent_Le_06,Sentosa,Singapore,Enhalus acoroides,Leaf,1.258297,103.807229,10063,8901,8901,0.1154725231
EA_Sent_Le_07,Sentosa,Singapore,Enhalus acoroides,Leaf,1.258297,103.807229,9289,7643,7643,0.1771988373
EA_Sent_Le_08,Sentosa,Singapore,Enhalus acoroides,Leaf,1.258297,103.807229,12502,11041,11041,0.1168613022
EA_Sent_Le_09,Sentosa,Singapore,Enhalus acoroides,Leaf,1.258297,103.807229,21840,18960,18960,0.1318681319
EA_Sent_Le_10,Sentosa,Singapore,Enhalus acoroides,Leaf,1.258297,103.807229,6199,5347,5347,0.1374415228
EA_Sent_Rh_01,Sentosa,Singapore,Enhalus acoroides,Rhizome,1.258297,103.807229,27544,24036,24036,0.1273598606
EA_Sent_Rh_02,Sentosa,Singapore,Enhalus acoroides,Rhizome,1.258297,103.807229,13876,12059,12059,0.1309455174
EA_Sent_Rh_03,Sentosa,Singapore,Enhalus acoroides,Rhizome,1.258297,103.807229,26347,23201,23201,0.119406384
EA_Sent_Rh_04,Sentosa,Singapore,Enhalus acoroides,Rhizome,1.258297,103.807229,29139,25156,25156,0.1366896599
EA_Sent_Rh_05,Sentosa,Singapore,Enhalus acoroides,Rhizome,1.258297,103.807229,8574,7248,7248,0.1546536039
EA_Sent_Rh_06,Sentosa,Singapore,Enhalus acoroides,Rhizome,1.258297,103.807229,24144,20778,20778,0.1394135189
EA_Sent_Rh_07,Sentosa,Singapore,Enhalus acoroides,Rhizome,1.258297,103.807229,9482,8167,8167,0.138683822
EA_Sent_Rh_08,Sentosa,Singapore,Enhalus acoroides,Rhizome,1.258297,103.807229,39044,34411,34411,0.1186609978
EA_Sent_Rh_09,Sentosa,Singapore,Enhalus acoroides,Rhizome,1.258297,103.807229,12293,10555,10383,0.1413812739
EA_Sent_Rh_10,Sentosa,Singapore,Enhalus acoroides,Rhizome,1.258297,103.807229,33985,29665,29665,0.1271149036
EA_Sent_Ro_01,Sentosa,Singapore,Enhalus acoroides,Root,1.258297,103.807229,36987,32069,32069,0.1329656366
EA_Sent_Ro_02,Sentosa,Singapore,Enhalus acoroides,Root,1.258297,103.807229,4424,3684,3684,0.1672694394
EA_Sent_Ro_03,Sentosa,Singapore,Enhalus acoroides,Root,1.258297,103.807229,19814,17831,17640,0.100080751
EA_Sent_Ro_04,Sentosa,Singapore,Enhalus acoroides,Root,1.258297,103.807229,21181,19364,18750,0.0857844294
EA_Sent_Ro_05,Sentosa,Singapore,Enhalus acoroides,Root,1.258297,103.807229,15264,13697,13697,0.1026598532
EA_Sent_Ro_06,Sentosa,Singapore,Enhalus acoroides,Root,1.258297,103.807229,16233,14023,13367,0.1361424259
EA_Sent_Ro_07,Sentosa,Singapore,Enhalus acoroides,Root,1.258297,103.807229,15604,13873,13873,0.1109330941
EA_Sent_Ro_08,Sentosa,Singapore,Enhalus acoroides,Root,1.258297,103.807229,27027,23808,23277,0.1191031191
EA_Sent_Ro_09,Sentosa,Singapore,Enhalus acoroides,Root,1.258297,103.807229,22628,19987,19987,0.1167138059
EA_Sent_Ro_10,Sentosa,Singapore,Enhalus acoroides,Root,1.258297,103.807229,2528,2134,2134,0.1558544304
EA_Sent_Soil_01,Sentosa,Singapore,Enhalus acoroides,Soil,1.258297,103.807229,32687,28764,28431,0.1200171322
EA_Sent_Soil_02,Sentosa,Singapore,Enhalus acoroides,Soil,1.258297,103.807229,39232,33764,33749,0.1393760196
EA_Sent_Soil_03,Sentosa,Singapore,Enhalus acoroides,Soil,1.258297,103.807229,39321,34028,33864,0.1346100048
EA_Sent_Soil_04,Sentosa,Singapore,Enhalus acoroides,Soil,1.258297,103.807229,32604,28365,28347,0.1300147221
EA_Sent_Soil_05,Sentosa,Singapore,Enhalus acoroides,Soil,1.258297,103.807229,108469,101978,95019,0.0598419825
EA_Sent_Soil_06,Sentosa,Singapore,Enhalus acoroides,Soil,1.258297,103.807229,39566,34841,34795,0.1194207148
EA_Sent_Soil_07,Sentosa,Singapore,Enhalus acoroides,Soil,1.258297,103.807229,43150,38003,38003,0.1192815759
EA_Sent_Soil_08,Sentosa,Singapore,Enhalus acoroides,Soil,1.258297,103.807229,17825,15752,15752,0.1162973352
EA_Sent_Soil_09,Sentosa,Singapore,Enhalus acoroides,Soil,1.258297,103.807229,47261,42246,42246,0.1061128626
EA_Sent_Soil_10,Sentosa,Singapore,Enhalus acoroides,Soil,1.258297,103.807229,43048,37498,37498,0.1289258502
EA_PD_Le_01,Port Dickson,West Malaysia,Enhalus acoroides,Leaf,2.408228,101.85873,1016,847,847,0.1663385827
EA_PD_Le_02,Port Dickson,West Malaysia,Enhalus acoroides,Leaf,2.408228,101.85873,3229,2784,2784,0.1378135646
EA_PD_Le_03,Port Dickson,West Malaysia,Enhalus acoroides,Leaf,2.408228,101.85873,13267,11792,11792,0.1111781111
EA_PD_Le_04,Port Dickson,West Malaysia,Enhalus acoroides,Leaf,2.408228,101.85873,10609,8933,8933,0.1579790744
EA_PD_Le_05,Port Dickson,West Malaysia,Enhalus acoroides,Leaf,2.408228,101.85873,7458,6499,6499,0.1285867525
EA_PD_Le_06,Port Dickson,West Malaysia,Enhalus acoroides,Leaf,2.408228,101.85873,2727,2346,2346,0.1397139714
EA_PD_Le_07,Port Dickson,West Malaysia,Enhalus acoroides,Leaf,2.408228,101.85873,8736,7392,7392,0.1538461538
EA_PD_Le_08,Port Dickson,West Malaysia,Enhalus acoroides,Leaf,2.408228,101.85873,15134,12562,12562,0.1699484604
EA_PD_Le_09,Port Dickson,West Malaysia,Enhalus acoroides,Leaf,2.408228,101.85873,1994,1768,1768,0.1133400201
EA_PD_Le_10,Port Dickson,West Malaysia,Enhalus acoroides,Leaf,2.408228,101.85873,23509,22314,22314,0.0508315964
EA_PD_Rh_01,Port Dickson,West Malaysia,Enhalus acoroides,Rhizome,2.408228,101.85873,10886,9057,9057,0.1680139629
EA_PD_Rh_02,Port Dickson,West Malaysia,Enhalus acoroides,Rhizome,2.408228,101.85873,6614,5846,5846,0.1161173269
EA_PD_Rh_03,Port Dickson,West Malaysia,Enhalus acoroides,Rhizome,2.408228,101.85873,450,327,327,0.2733333333
EA_PD_Rh_04,Port Dickson,West Malaysia,Enhalus acoroides,Rhizome,2.408228,101.85873,8355,7277,7229,0.1290245362
EA_PD_Rh_05,Port Dickson,West Malaysia,Enhalus acoroides,Rhizome,2.408228,101.85873,959,720,720,0.2492179353
EA_PD_Rh_06,Port Dickson,West Malaysia,Enhalus acoroides,Rhizome,2.408228,101.85873,3387,2889,2889,0.1470327724
EA_PD_Rh_07,Port Dickson,West Malaysia,Enhalus acoroides,Rhizome,2.408228,101.85873,8075,7322,7157,0.093250774
EA_PD_Rh_08,Port Dickson,West Malaysia,Enhalus acoroides,Rhizome,2.408228,101.85873,5058,4019,4019,0.2054171609
EA_PD_Rh_09,Port Dickson,West Malaysia,Enhalus acoroides,Rhizome,2.408228,101.85873,4554,3877,3877,0.1486605182
EA_PD_Rh_10,Port Dickson,West Malaysia,Enhalus acoroides,Rhizome,2.408228,101.85873,19185,17882,17882,0.067917644
EA_PD_Ro_01,Port Dickson,West Malaysia,Enhalus acoroides,Root,2.408228,101.85873,18965,16551,16551,0.1272871078
EA_PD_Ro_02,Port Dickson,West Malaysia,Enhalus acoroides,Root,2.408228,101.85873,103662,93738,91626,0.0957342131
EA_PD_Ro_03,Port Dickson,West Malaysia,Enhalus acoroides,Root,2.408228,101.85873,30462,29558,29558,0.029676318
EA_PD_Ro_04,Port Dickson,West Malaysia,Enhalus acoroides,Root,2.408228,101.85873,4338,3752,3752,0.1350852928
EA_PD_Ro_05,Port Dickson,West Malaysia,Enhalus acoroides,Root,2.408228,101.85873,4230,3615,3615,0.1453900709
EA_PD_Ro_06,Port Dickson,West Malaysia,Enhalus acoroides,Root,2.408228,101.85873,17941,16297,16297,0.0916336882
EA_PD_Ro_07,Port Dickson,West Malaysia,Enhalus acoroides,Root,2.408228,101.85873,9999,8865,8865,0.1134113411
EA_PD_Ro_08,Port Dickson,West Malaysia,Enhalus acoroides,Root,2.408228,101.85873,68496,61423,60778,0.1032615043
EA_PD_Ro_09,Port Dickson,West Malaysia,Enhalus acoroides,Root,2.408228,101.85873,8236,7547,7547,0.0836571151
EA_PD_Ro_10,Port Dickson,West Malaysia,Enhalus acoroides,Root,2.408228,101.85873,15046,13206,13206,0.122291639
EA_PD_Soil_01,Port Dickson,West Malaysia,Enhalus acoroides,Soil,2.408228,101.85873,31611,27477,27475,0.1307772611
EA_PD_Soil_02,Port Dickson,West Malaysia,Enhalus acoroides,Soil,2.408228,101.85873,43540,38761,38715,0.1097611392
EA_PD_Soil_03,Port Dickson,West Malaysia,Enhalus acoroides,Soil,2.408228,101.85873,22463,20027,20027,0.1084449984
EA_PD_Soil_04,Port Dickson,West Malaysia,Enhalus acoroides,Soil,2.408228,101.85873,25961,23062,22976,0.1116675013
EA_PD_Soil_05,Port Dickson,West Malaysia,Enhalus acoroides,Soil,2.408228,101.85873,49957,45965,45933,0.0799087215
EA_PD_Soil_06,Port Dickson,West Malaysia,Enhalus acoroides,Soil,2.408228,101.85873,45401,40410,40348,0.1099314993
EA_PD_Soil_07,Port Dickson,West Malaysia,Enhalus acoroides,Soil,2.408228,101.85873,21652,18705,18705,0.1361075189
EA_PD_Soil_08,Port Dickson,West Malaysia,Enhalus acoroides,Soil,2.408228,101.85873,33394,29488,29435,0.1169671198
EA_PD_Soil_09,Port Dickson,West Malaysia,Enhalus acoroides,Soil,2.408228,101.85873,34929,31898,31697,0.0867760314
EA_PD_Soil_10,Port Dickson,West Malaysia,Enhalus acoroides,Soil,2.408228,101.85873,19235,16645,16645,0.1346503769
EA_MS_Le_01,Merambong Shoal,West Malaysia,Enhalus acoroides,Leaf,2.408228,101.85873,10490,9045,8976,0.1377502383
EA_MS_Le_02,Merambong Shoal,West Malaysia,Enhalus acoroides,Leaf,1.331803,103.604591,30865,28809,28574,0.0666126681
EA_MS_Le_03,Merambong Shoal,West Malaysia,Enhalus acoroides,Leaf,1.331803,103.604591,37719,32998,32998,0.125162385
EA_MS_Le_04,Merambong Shoal,West Malaysia,Enhalus acoroides,Leaf,1.331803,103.604591,5296,4776,4776,0.0981873112
EA_MS_Le_05,Merambong Shoal,West Malaysia,Enhalus acoroides,Leaf,1.331803,103.604591,15702,13706,13706,0.1271175646
EA_MS_Le_06,Merambong Shoal,West Malaysia,Enhalus acoroides,Leaf,1.331803,103.604591,6401,5475,5475,0.1446648961
EA_MS_Le_07,Merambong Shoal,West Malaysia,Enhalus acoroides,Leaf,1.331803,103.604591,13265,11538,11538,0.1301922352
EA_MS_Le_08,Merambong Shoal,West Malaysia,Enhalus acoroides,Leaf,1.331803,103.604591,9903,8610,8610,0.130566495
EA_MS_Le_09,Merambong Shoal,West Malaysia,Enhalus acoroides,Leaf,1.331803,103.604591,33446,30489,30076,0.0884111702
EA_MS_Le_10,Merambong Shoal,West Malaysia,Enhalus acoroides,Leaf,1.331803,103.604591,41405,38633,38277,0.0669484362
EA_MS_Rh_01,Merambong Shoal,West Malaysia,Enhalus acoroides,Rhizome,1.331803,103.604591,17736,15297,15297,0.1375169147
EA_MS_Rh_02,Merambong Shoal,West Malaysia,Enhalus acoroides,Rhizome,1.331803,103.604591,29380,25472,25339,0.1330156569
EA_MS_Rh_03,Merambong Shoal,West Malaysia,Enhalus acoroides,Rhizome,1.331803,103.604591,30342,25684,25630,0.1535165777
EA_MS_Rh_04,Merambong Shoal,West Malaysia,Enhalus acoroides,Rhizome,1.331803,103.604591,14347,12062,12062,0.1592667457
EA_MS_Rh_05,Merambong Shoal,West Malaysia,Enhalus acoroides,Rhizome,1.331803,103.604591,39100,33610,33610,0.1404092072
EA_MS_Rh_06,Merambong Shoal,West Malaysia,Enhalus acoroides,Rhizome,1.331803,103.604591,14205,11825,11825,0.1675466385
EA_MS_Rh_07,Merambong Shoal,West Malaysia,Enhalus acoroides,Rhizome,1.331803,103.604591,15044,12777,12777,0.1506913055
EA_MS_Rh_08,Merambong Shoal,West Malaysia,Enhalus acoroides,Rhizome,1.331803,103.604591,34749,30574,30574,0.1201473424
EA_MS_Rh_09,Merambong Shoal,West Malaysia,Enhalus acoroides,Rhizome,1.331803,103.604591,10592,9100,9100,0.1408610272
EA_MS_Rh_10,Merambong Shoal,West Malaysia,Enhalus acoroides,Rhizome,1.331803,103.604591,11148,9357,9357,0.16065662
EA_MS_Ro_01,Merambong Shoal,West Malaysia,Enhalus acoroides,Root,1.331803,103.604591,22383,19313,19260,0.1371576643
EA_MS_Ro_02,Merambong Shoal,West Malaysia,Enhalus acoroides,Root,1.331803,103.604591,11966,9712,9712,0.1883670399
EA_MS_Ro_03,Merambong Shoal,West Malaysia,Enhalus acoroides,Root,1.331803,103.604591,39526,35397,35201,0.1044628852
EA_MS_Ro_04,Merambong Shoal,West Malaysia,Enhalus acoroides,Root,1.331803,103.604591,14316,12734,12601,0.1105057279
EA_MS_Ro_05,Merambong Shoal,West Malaysia,Enhalus acoroides,Root,1.331803,103.604591,52630,47925,47925,0.0893976819
EA_MS_Ro_06,Merambong Shoal,West Malaysia,Enhalus acoroides,Root,1.331803,103.604591,16364,13751,13751,0.1596797849
EA_MS_Ro_07,Merambong Shoal,West Malaysia,Enhalus acoroides,Root,1.331803,103.604591,68834,64590,63593,0.0616555772
EA_MS_Ro_08,Merambong Shoal,West Malaysia,Enhalus acoroides,Root,1.331803,103.604591,96159,89218,88747,0.072182531
EA_MS_Ro_09,Merambong Shoal,West Malaysia,Enhalus acoroides,Root,1.331803,103.604591,45558,41401,40947,0.0912463234
EA_MS_Ro_10,Merambong Shoal,West Malaysia,Enhalus acoroides,Root,1.331803,103.604591,46713,42366,42289,0.0930576071
EA_MS_Soil_01,Merambong Shoal,West Malaysia,Enhalus acoroides,Soil,1.331803,103.604591,16915,14574,14574,0.1383978717
EA_MS_Soil_02,Merambong Shoal,West Malaysia,Enhalus acoroides,Soil,1.331803,103.604591,59027,53492,52499,0.0937706473
EA_MS_Soil_03,Merambong Shoal,West Malaysia,Enhalus acoroides,Soil,1.331803,103.604591,65946,59565,59416,0.0967609863
EA_MS_Soil_04,Merambong Shoal,West Malaysia,Enhalus acoroides,Soil,1.331803,103.604591,24376,22465,22465,0.0783967837
EA_MS_Soil_05,Merambong Shoal,West Malaysia,Enhalus acoroides,Soil,1.331803,103.604591,39945,37077,36966,0.0717987232
EA_MS_Soil_06,Merambong Shoal,West Malaysia,Enhalus acoroides,Soil,1.331803,103.604591,39527,37783,37783,0.0441217396
EA_MS_Soil_07,Merambong Shoal,West Malaysia,Enhalus acoroides,Soil,1.331803,103.604591,23159,20805,20805,0.1016451488
EA_MS_Soil_08,Merambong Shoal,West Malaysia,Enhalus acoroides,Soil,1.331803,103.604591,23926,21041,21041,0.120580122
EA_MS_Soil_09,Merambong Shoal,West Malaysia,Enhalus acoroides,Soil,1.331803,103.604591,36080,32488,32206,0.099556541
EA_MS_Soil_10,Merambong Shoal,West Malaysia,Enhalus acoroides,Soil,1.331803,103.604591,43531,39282,39282,0.0976086008
EA_Sem_Le_01,Semakau,Singapore,Enhalus acoroides,Leaf,1.208273,103.756254,955,743,743,0.2219895288
EA_Sem_Le_02,Semakau,Singapore,Enhalus acoroides,Leaf,1.208273,103.756254,2966,2398,2398,0.1915037087
EA_Sem_Le_03,Semakau,Singapore,Enhalus acoroides,Leaf,1.208273,103.756254,1188,1003,1003,0.1557239057
EA_Sem_Le_04,Semakau,Singapore,Enhalus acoroides,Leaf,1.208273,103.756254,4424,3603,3603,0.1855786618
EA_Sem_Le_05,Semakau,Singapore,Enhalus acoroides,Leaf,1.208273,103.756254,3143,2735,2735,0.1298122813
EA_Sem_Le_06,Semakau,Singapore,Enhalus acoroides,Leaf,1.208273,103.756254,1817,1619,1619,0.108970831
EA_Sem_Le_07,Semakau,Singapore,Enhalus acoroides,Leaf,1.208273,103.756254,3060,2775,2775,0.0931372549
EA_Sem_Le_08,Semakau,Singapore,Enhalus acoroides,Leaf,1.208273,103.756254,5538,4942,4942,0.1076200795
EA_Sem_Le_09,Semakau,Singapore,Enhalus acoroides,Leaf,1.208273,103.756254,5841,5186,5186,0.1121383325
EA_Sem_Le_10,Semakau,Singapore,Enhalus acoroides,Leaf,1.208273,103.756254,2755,2277,2277,0.1735027223
EA_Sem_Rh_01,Semakau,Singapore,Enhalus acoroides,Rhizome,1.208273,103.756254,1558,1154,1154,0.2593068036
EA_Sem_Rh_02,Semakau,Singapore,Enhalus acoroides,Rhizome,1.208273,103.756254,1216,902,902,0.2582236842
EA_Sem_Rh_03,Semakau,Singapore,Enhalus acoroides,Rhizome,1.208273,103.756254,11125,9687,9424,0.129258427
EA_Sem_Rh_04,Semakau,Singapore,Enhalus acoroides,Rhizome,1.208273,103.756254,9063,7913,7913,0.1268895509
EA_Sem_Rh_05,Semakau,Singapore,Enhalus acoroides,Rhizome,1.208273,103.756254,6602,5695,5695,0.1373826113
EA_Sem_Rh_06,Semakau,Singapore,Enhalus acoroides,Rhizome,1.208273,103.756254,9566,8386,8386,0.1233535438
EA_Sem_Rh_07,Semakau,Singapore,Enhalus acoroides,Rhizome,1.208273,103.756254,18821,16430,16224,0.1270389459
EA_Sem_Rh_08,Semakau,Singapore,Enhalus acoroides,Rhizome,1.208273,103.756254,25587,22335,22167,0.1270957908
EA_Sem_Rh_09,Semakau,Singapore,Enhalus acoroides,Rhizome,1.208273,103.756254,2628,2320,2320,0.1171993912
EA_Sem_Rh_10,Semakau,Singapore,Enhalus acoroides,Rhizome,1.208273,103.756254,8730,7598,7598,0.1296678121
EA_Sem_Ro_01,Semakau,Singapore,Enhalus acoroides,Root,1.208273,103.756254,9597,8431,8431,0.1214963009
EA_Sem_Ro_02,Semakau,Singapore,Enhalus acoroides,Root,1.208273,103.756254,6242,5526,5526,0.1147068247
EA_Sem_Ro_03,Semakau,Singapore,Enhalus acoroides,Root,1.208273,103.756254,19258,17228,17228,0.1054107384
EA_Sem_Ro_04,Semakau,Singapore,Enhalus acoroides,Root,1.208273,103.756254,25118,22010,21621,0.1237359662
EA_Sem_Ro_05,Semakau,Singapore,Enhalus acoroides,Root,1.208273,103.756254,11215,9982,9982,0.1099420419
EA_Sem_Ro_06,Semakau,Singapore,Enhalus acoroides,Root,1.208273,103.756254,30736,27948,27643,0.0907079646
EA_Sem_Ro_07,Semakau,Singapore,Enhalus acoroides,Root,1.208273,103.756254,18528,16294,15452,0.120574266
EA_Sem_Ro_08,Semakau,Singapore,Enhalus acoroides,Root,1.208273,103.756254,103627,99097,98906,0.043714476
EA_Sem_Ro_09,Semakau,Singapore,Enhalus acoroides,Root,1.208273,103.756254,47194,41258,40503,0.1257787007
EA_Sem_Ro_10,Semakau,Singapore,Enhalus acoroides,Root,1.208273,103.756254,24959,22519,22262,0.0977603269
EA_Sem_Soil_01,Semakau,Singapore,Enhalus acoroides,Soil,1.208273,103.756254,39467,34817,34817,0.1178199508
EA_Sem_Soil_02,Semakau,Singapore,Enhalus acoroides,Soil,1.208273,103.756254,32994,28870,28636,0.1249924229
EA_Sem_Soil_03,Semakau,Singapore,Enhalus acoroides,Soil,1.208273,103.756254,49904,44470,43944,0.108889067
EA_Sem_Soil_04,Semakau,Singapore,Enhalus acoroides,Soil,1.208273,103.756254,24184,21655,21530,0.1045732716
EA_Sem_Soil_05,Semakau,Singapore,Enhalus acoroides,Soil,1.208273,103.756254,28051,23916,23547,0.1474100745
EA_Sem_Soil_06,Semakau,Singapore,Enhalus acoroides,Soil,1.208273,103.756254,44391,40202,40109,0.0943659751
EA_Sem_Soil_07,Semakau,Singapore,Enhalus acoroides,Soil,1.208273,103.756254,59906,54709,54709,0.086752579
EA_Sem_Soil_08,Semakau,Singapore,Enhalus acoroides,Soil,1.208273,103.756254,41815,36709,36607,0.1221092909
EA_Sem_Soil_09,Semakau,Singapore,Enhalus acoroides,Soil,1.208273,103.756254,63014,56245,56243,0.1074205732
EA_Sem_Soil_10,Semakau,Singapore,Enhalus acoroides,Soil,1.208273,103.756254,78903,70840,70219,0.1021887634
EA_Per_Le_01,Perhentian,East Malaysia,Enhalus acoroides,Leaf,5.886142,102.741075,3408,2637,2637,0.2262323944
EA_Per_Le_02,Perhentian,East Malaysia,Enhalus acoroides,Leaf,5.886142,102.741075,9177,7676,7676,0.1635610766
EA_Per_Le_04,Perhentian,East Malaysia,Enhalus acoroides,Leaf,5.886142,102.741075,8285,6977,6977,0.1578756789
EA_Per_Le_05,Perhentian,East Malaysia,Enhalus acoroides,Leaf,5.886142,102.741075,4543,3392,3392,0.2533568127
EA_Per_Le_06,Perhentian,East Malaysia,Enhalus acoroides,Leaf,5.886142,102.741075,2501,1878,1878,0.2491003599
EA_Per_Le_07,Perhentian,East Malaysia,Enhalus acoroides,Leaf,5.886142,102.741075,6493,4922,4922,0.2419528723
EA_Per_Le_08,Perhentian,East Malaysia,Enhalus acoroides,Leaf,5.886142,102.741075,1878,1518,1518,0.1916932907
EA_Per_Le_09,Perhentian,East Malaysia,Enhalus acoroides,Leaf,5.886142,102.741075,26426,24003,23617,0.0916900023
EA_Per_Le_10,Perhentian,East Malaysia,Enhalus acoroides,Leaf,5.886142,102.741075,6102,5098,5098,0.1645362176
EA_Per_Rh_01,Perhentian,East Malaysia,Enhalus acoroides,Rhizome,5.886142,102.741075,3327,2461,2461,0.2602945597
EA_Per_Rh_02,Perhentian,East Malaysia,Enhalus acoroides,Rhizome,5.886142,102.741075,2214,1209,1209,0.4539295393
EA_Per_Rh_03,Perhentian,East Malaysia,Enhalus acoroides,Rhizome,5.886142,102.741075,21117,19089,19089,0.0960363688
EA_Per_Rh_04,Perhentian,East Malaysia,Enhalus acoroides,Rhizome,5.886142,102.741075,13961,12009,12009,0.1398180646
EA_Per_Rh_05,Perhentian,East Malaysia,Enhalus acoroides,Rhizome,5.886142,102.741075,6080,5239,5239,0.1383223684
EA_Per_Rh_06,Perhentian,East Malaysia,Enhalus acoroides,Rhizome,5.886142,102.741075,4152,3271,3271,0.2121868979
EA_Per_Rh_07,Perhentian,East Malaysia,Enhalus acoroides,Rhizome,5.886142,102.741075,4978,3852,3852,0.2261952591
EA_Per_Rh_08,Perhentian,East Malaysia,Enhalus acoroides,Rhizome,5.886142,102.741075,2919,2132,2132,0.2696128811
EA_Per_Rh_09,Perhentian,East Malaysia,Enhalus acoroides,Rhizome,5.886142,102.741075,2751,2040,2040,0.2584514722
EA_Per_Rh_10,Perhentian,East Malaysia,Enhalus acoroides,Rhizome,5.886142,102.741075,4762,3567,3567,0.2509449811
EA_Per_Ro_01,Perhentian,East Malaysia,Enhalus acoroides,Root,5.886142,102.741075,8986,7502,7502,0.1651457823
EA_Per_Ro_02,Perhentian,East Malaysia,Enhalus acoroides,Root,5.886142,102.741075,5518,4015,4015,0.2723812976
EA_Per_Ro_03,Perhentian,East Malaysia,Enhalus acoroides,Root,5.886142,102.741075,6083,4777,4777,0.2146966957
EA_Per_Ro_04,Perhentian,East Malaysia,Enhalus acoroides,Root,5.886142,102.741075,4114,2971,2971,0.2778317939
EA_Per_Ro_05,Perhentian,East Malaysia,Enhalus acoroides,Root,5.886142,102.741075,10173,8426,8426,0.1717290868
EA_Per_Ro_06,Perhentian,East Malaysia,Enhalus acoroides,Root,5.886142,102.741075,15564,12718,12659,0.1828578772
EA_Per_Ro_07,Perhentian,East Malaysia,Enhalus acoroides,Root,5.886142,102.741075,6259,4701,4673,0.248921553
EA_Per_Ro_08,Perhentian,East Malaysia,Enhalus acoroides,Root,5.886142,102.741075,10793,9101,9101,0.1567682757
EA_Per_Ro_09,Perhentian,East Malaysia,Enhalus acoroides,Root,5.886142,102.741075,8776,7470,7470,0.1488149499
EA_Per_Ro_10,Perhentian,East Malaysia,Enhalus acoroides,Root,5.886142,102.741075,23629,21119,21107,0.106225401
EA_Per_Soil_01,Perhentian,East Malaysia,Enhalus acoroides,Soil,5.886142,102.741075,39905,34892,34231,0.1256233555
EA_Per_Soil_02,Perhentian,East Malaysia,Enhalus acoroides,Soil,5.886142,102.741075,52335,45232,44635,0.1357217923
EA_Per_Soil_03,Perhentian,East Malaysia,Enhalus acoroides,Soil,5.886142,102.741075,29537,26169,26036,0.1140264753
EA_Per_Soil_04,Perhentian,East Malaysia,Enhalus acoroides,Soil,5.886142,102.741075,11189,10200,10200,0.0883903834
EA_Per_Soil_05,Perhentian,East Malaysia,Enhalus acoroides,Soil,5.886142,102.741075,36525,31389,30578,0.1406160164
EA_Per_Soil_06,Perhentian,East Malaysia,Enhalus acoroides,Soil,5.886142,102.741075,44991,39137,39129,0.1301149119
EA_Per_Soil_07,Perhentian,East Malaysia,Enhalus acoroides,Soil,5.886142,102.741075,31844,28171,27978,0.1153435498
EA_Per_Soil_08,Perhentian,East Malaysia,Enhalus acoroides,Soil,5.886142,102.741075,64631,57174,56757,0.1153780693
EA_Per_Soil_09,Perhentian,East Malaysia,Enhalus acoroides,Soil,5.886142,102.741075,38240,34455,34116,0.0989801255
EA_Per_Soil_10,Perhentian,East Malaysia,Enhalus acoroides,Soil,5.886142,102.741075,41391,35935,35781,0.1318160953
